timestamp	combined_hash	status
17/07/2025 08:44	519a39753f38e7fa7262d190fd4487cd23fae1e8992fde02fa55a4686aa0b81c	CHANGED
17/07/2025 08:48	519a39753f38e7fa7262d190fd4487cd23fae1e8992fde02fa55a4686aa0b81c	UNCHANGED
18/07/2025 02:04	519a39753f38e7fa7262d190fd4487cd23fae1e8992fde02fa55a4686aa0b81c	UNCHANGED
18/07/2025 05:27	519a39753f38e7fa7262d190fd4487cd23fae1e8992fde02fa55a4686aa0b81c	UNCHANGED
18/07/2025 05:31	519a39753f38e7fa7262d190fd4487cd23fae1e8992fde02fa55a4686aa0b81c	UNCHANGED
19/07/2025 01:58	519a39753f38e7fa7262d190fd4487cd23fae1e8992fde02fa55a4686aa0b81c	UNCHANGED
20/07/2025 02:12	519a39753f38e7fa7262d190fd4487cd23fae1e8992fde02fa55a4686aa0b81c	UNCHANGED
21/07/2025 02:09	519a39753f38e7fa7262d190fd4487cd23fae1e8992fde02fa55a4686aa0b81c	UNCHANGED
22/07/2025 02:03	519a39753f38e7fa7262d190fd4487cd23fae1e8992fde02fa55a4686aa0b81c	UNCHANGED
23/07/2025 02:04	519a39753f38e7fa7262d190fd4487cd23fae1e8992fde02fa55a4686aa0b81c	UNCHANGED
24/07/2025 02:04	519a39753f38e7fa7262d190fd4487cd23fae1e8992fde02fa55a4686aa0b81c	UNCHANGED
25/07/2025 02:03	519a39753f38e7fa7262d190fd4487cd23fae1e8992fde02fa55a4686aa0b81c	UNCHANGED
26/07/2025 02:01	519a39753f38e7fa7262d190fd4487cd23fae1e8992fde02fa55a4686aa0b81c	UNCHANGED
27/07/2025 02:12	519a39753f38e7fa7262d190fd4487cd23fae1e8992fde02fa55a4686aa0b81c	UNCHANGED
28/07/2025 02:10	519a39753f38e7fa7262d190fd4487cd23fae1e8992fde02fa55a4686aa0b81c	UNCHANGED
29/07/2025 02:21	519a39753f38e7fa7262d190fd4487cd23fae1e8992fde02fa55a4686aa0b81c	UNCHANGED
30/07/2025 02:07	519a39753f38e7fa7262d190fd4487cd23fae1e8992fde02fa55a4686aa0b81c	UNCHANGED
31/07/2025 02:05	519a39753f38e7fa7262d190fd4487cd23fae1e8992fde02fa55a4686aa0b81c	UNCHANGED
01/08/2025 02:22	519a39753f38e7fa7262d190fd4487cd23fae1e8992fde02fa55a4686aa0b81c	UNCHANGED
05/08/2025 08:27	4fb850b3e5aa9e3dd01242f99aeb1e848cf5600634657e68102cdeb8223a0cde	CHANGED
05/08/2025 08:48	4fb850b3e5aa9e3dd01242f99aeb1e848cf5600634657e68102cdeb8223a0cde	UNCHANGED
05/08/2025 09:01	4fb850b3e5aa9e3dd01242f99aeb1e848cf5600634657e68102cdeb8223a0cde	UNCHANGED
06/08/2025 02:07	4fb850b3e5aa9e3dd01242f99aeb1e848cf5600634657e68102cdeb8223a0cde	UNCHANGED
06/08/2025 05:11	4fb850b3e5aa9e3dd01242f99aeb1e848cf5600634657e68102cdeb8223a0cde	UNCHANGED
07/08/2025 02:07	4fb850b3e5aa9e3dd01242f99aeb1e848cf5600634657e68102cdeb8223a0cde	UNCHANGED
08/08/2025 02:06	4fb850b3e5aa9e3dd01242f99aeb1e848cf5600634657e68102cdeb8223a0cde	UNCHANGED
09/08/2025 01:55	4fb850b3e5aa9e3dd01242f99aeb1e848cf5600634657e68102cdeb8223a0cde	UNCHANGED
10/08/2025 02:10	4fb850b3e5aa9e3dd01242f99aeb1e848cf5600634657e68102cdeb8223a0cde	UNCHANGED
11/08/2025 02:06	4fb850b3e5aa9e3dd01242f99aeb1e848cf5600634657e68102cdeb8223a0cde	UNCHANGED
12/08/2025 01:55	4fb850b3e5aa9e3dd01242f99aeb1e848cf5600634657e68102cdeb8223a0cde	UNCHANGED
13/08/2025 01:57	4fb850b3e5aa9e3dd01242f99aeb1e848cf5600634657e68102cdeb8223a0cde	UNCHANGED
14/08/2025 01:57	4fb850b3e5aa9e3dd01242f99aeb1e848cf5600634657e68102cdeb8223a0cde	UNCHANGED
15/08/2025 01:58	4fb850b3e5aa9e3dd01242f99aeb1e848cf5600634657e68102cdeb8223a0cde	UNCHANGED
16/08/2025 01:53	4fb850b3e5aa9e3dd01242f99aeb1e848cf5600634657e68102cdeb8223a0cde	UNCHANGED
17/08/2025 02:05	4fb850b3e5aa9e3dd01242f99aeb1e848cf5600634657e68102cdeb8223a0cde	UNCHANGED
18/08/2025 02:04	4fb850b3e5aa9e3dd01242f99aeb1e848cf5600634657e68102cdeb8223a0cde	UNCHANGED
19/08/2025 01:51	4fb850b3e5aa9e3dd01242f99aeb1e848cf5600634657e68102cdeb8223a0cde	UNCHANGED
20/08/2025 01:50	4fb850b3e5aa9e3dd01242f99aeb1e848cf5600634657e68102cdeb8223a0cde	UNCHANGED
21/08/2025 01:49	4fb850b3e5aa9e3dd01242f99aeb1e848cf5600634657e68102cdeb8223a0cde	UNCHANGED
22/08/2025 01:50	4fb850b3e5aa9e3dd01242f99aeb1e848cf5600634657e68102cdeb8223a0cde	UNCHANGED
23/08/2025 01:46	4fb850b3e5aa9e3dd01242f99aeb1e848cf5600634657e68102cdeb8223a0cde	UNCHANGED
24/08/2025 02:02	4fb850b3e5aa9e3dd01242f99aeb1e848cf5600634657e68102cdeb8223a0cde	UNCHANGED
25/08/2025 01:55	4fb850b3e5aa9e3dd01242f99aeb1e848cf5600634657e68102cdeb8223a0cde	UNCHANGED
26/08/2025 01:51	4fb850b3e5aa9e3dd01242f99aeb1e848cf5600634657e68102cdeb8223a0cde	UNCHANGED
27/08/2025 01:47	4fb850b3e5aa9e3dd01242f99aeb1e848cf5600634657e68102cdeb8223a0cde	UNCHANGED
28/08/2025 01:46	4fb850b3e5aa9e3dd01242f99aeb1e848cf5600634657e68102cdeb8223a0cde	UNCHANGED
29/08/2025 01:45	4fb850b3e5aa9e3dd01242f99aeb1e848cf5600634657e68102cdeb8223a0cde	UNCHANGED
30/08/2025 01:41	4fb850b3e5aa9e3dd01242f99aeb1e848cf5600634657e68102cdeb8223a0cde	UNCHANGED
