16/07/2025 09:57	80a98fba0aae371484e989ccffd64393f8ee250e3a76ae918d76cdb1ce671cf7	CHANGED
17/07/2025 02:03	80a98fba0aae371484e989ccffd64393f8ee250e3a76ae918d76cdb1ce671cf7	CHANGED
17/07/2025 08:44	91174edef22e064c42d1a046aae0dd8492c1863e5fe121a0dc912d13dcc5c3d4	CHANGED
17/07/2025 08:48	91174edef22e064c42d1a046aae0dd8492c1863e5fe121a0dc912d13dcc5c3d4	CHANGED
18/07/2025 02:04	91174edef22e064c42d1a046aae0dd8492c1863e5fe121a0dc912d13dcc5c3d4	CHANGED
18/07/2025 05:27	91174edef22e064c42d1a046aae0dd8492c1863e5fe121a0dc912d13dcc5c3d4	UNCHANGED
18/07/2025 05:31	91174edef22e064c42d1a046aae0dd8492c1863e5fe121a0dc912d13dcc5c3d4	UNCHANGED
19/07/2025 01:58	91174edef22e064c42d1a046aae0dd8492c1863e5fe121a0dc912d13dcc5c3d4	UNCHANGED
20/07/2025 02:12	91174edef22e064c42d1a046aae0dd8492c1863e5fe121a0dc912d13dcc5c3d4	UNCHANGED
21/07/2025 02:09	91174edef22e064c42d1a046aae0dd8492c1863e5fe121a0dc912d13dcc5c3d4	UNCHANGED
22/07/2025 02:03	91174edef22e064c42d1a046aae0dd8492c1863e5fe121a0dc912d13dcc5c3d4	UNCHANGED
23/07/2025 02:04	91174edef22e064c42d1a046aae0dd8492c1863e5fe121a0dc912d13dcc5c3d4	UNCHANGED
24/07/2025 02:04	91174edef22e064c42d1a046aae0dd8492c1863e5fe121a0dc912d13dcc5c3d4	UNCHANGED
25/07/2025 02:03	91174edef22e064c42d1a046aae0dd8492c1863e5fe121a0dc912d13dcc5c3d4	UNCHANGED
26/07/2025 02:00	91174edef22e064c42d1a046aae0dd8492c1863e5fe121a0dc912d13dcc5c3d4	UNCHANGED
27/07/2025 02:12	91174edef22e064c42d1a046aae0dd8492c1863e5fe121a0dc912d13dcc5c3d4	UNCHANGED
28/07/2025 02:10	91174edef22e064c42d1a046aae0dd8492c1863e5fe121a0dc912d13dcc5c3d4	UNCHANGED
29/07/2025 02:21	91174edef22e064c42d1a046aae0dd8492c1863e5fe121a0dc912d13dcc5c3d4	UNCHANGED
30/07/2025 02:07	91174edef22e064c42d1a046aae0dd8492c1863e5fe121a0dc912d13dcc5c3d4	UNCHANGED
31/07/2025 02:05	91174edef22e064c42d1a046aae0dd8492c1863e5fe121a0dc912d13dcc5c3d4	UNCHANGED
01/08/2025 02:22	91174edef22e064c42d1a046aae0dd8492c1863e5fe121a0dc912d13dcc5c3d4	UNCHANGED
